layer,count
ChennaiDSS:AWLR_Stations,121
ChennaiDSS:AWLR_Stations_Proposed,78
ChennaiDSS:Agro_Stations,1
ChennaiDSS:Basin,1
ChennaiDSS:Bathymetries,0
ChennaiDSS:Bathymetry,5298
ChennaiDSS:Bathymetry_Contour,2863
ChennaiDSS:Bathymetry_Contour_withlabel,2863
ChennaiDSS:Bathymetry_withlabel,5298
ChennaiDSS:CMA_Boundary,1
ChennaiDSS:DGPS_CFMS,447
ChennaiDSS:DGPS_Tanks,267
ChennaiDSS:District,33
ChennaiDSS:ECMFWBulletin,75
ChennaiDSS:ECMFWBulletin_values,75
ChennaiDSS:ECMFWCMABulletin,19
ChennaiDSS:ECMFWCMABulletin_values,19
ChennaiDSS:ECMFWInOneLayer,567
ChennaiDSS:ECMWFControlMax,0
ChennaiDSS:ECMWFControlMaxAfterMichuang,567
ChennaiDSS:ECMWFControlWeb,551
ChennaiDSS:ECMWFEnsembleWebAfterMichuangP100,567
ChennaiDSS:ECMWFEnsembleWebAfterMichuangP25,567
ChennaiDSS:ECMWFEnsembleWebAfterMichuangP50,567
ChennaiDSS:ECMWFEnsembleWebAfterMichuangP60,567
ChennaiDSS:ECMWFEnsembleWebAfterMichuangP75,567
ChennaiDSS:ECMWFEnsembleWebAfterMichuangP90,567
ChennaiDSS:ECMWFEnsembleWebAfterMichuangP95,567
ChennaiDSS:ECMWFEnsembleWebP100,0
ChennaiDSS:ECMWFEnsembleWebP25,0
ChennaiDSS:ECMWFEnsembleWebP50,0
ChennaiDSS:ECMWFEnsembleWebP60,0
ChennaiDSS:ECMWFEnsembleWebP75,0
ChennaiDSS:ECMWFEnsembleWebP90,0
ChennaiDSS:ECMWFEnsembleWebP95,0
ChennaiDSS:ECMWF_Control_Ensemble_after_michuang,567
ChennaiDSS:ECMWF_Control_before_michuang,551
ChennaiDSS:ECMWF_Ensemble_before_michuang,126
ChennaiDSS:Flood_Spot_Heights,368
ChennaiDSS:GCC_Boundary,1
ChennaiDSS:Geology,10
ChennaiDSS:Geomorphology,33
ChennaiDSS:IITMBulletin,670
ChennaiDSS:IITMControlWeb,12136
ChennaiDSS:IMDBulletin,0
ChennaiDSS:IMDBulletin_values,52
ChennaiDSS:IMDCMABulletin,14
ChennaiDSS:IMDCMABulletin_values,14
ChennaiDSS:IMD_Control,567
ChennaiDSS:Keyloactions_of_cma,14
ChennaiDSS:Lakes_Reservoirs,5841
ChennaiDSS:Lakes_Reservoirs_withlabel,5841
ChennaiDSS:Land_Parcel,0
ChennaiDSS:Landuse,21799
ChennaiDSS:Levelling,149
ChennaiDSS:Locations,47
ChennaiDSS:Locations_withlabel,47
ChennaiDSS:ManMade_Channels,294
ChennaiDSS:ManMade_Channels_Line,3874
ChennaiDSS:NCEPGFSBulletin,16
ChennaiDSS:NCEPGFSCMIBulletin,6
ChennaiDSS:NCEPGFSCMI_ValueBulletin,6
ChennaiDSS:NCEPGFSControlMax,72
ChennaiDSS:NCEPGFSControlWeb,72
ChennaiDSS:NCEPGFSEnsembleWebP100,224
ChennaiDSS:NCEPGFSEnsembleWebP25,24
ChennaiDSS:NCEPGFSEnsembleWebP50,24
ChennaiDSS:NCEPGFSEnsembleWebP60,224
ChennaiDSS:NCEPGFSEnsembleWebP75,23
ChennaiDSS:NCEPGFSEnsembleWebP90,24
ChennaiDSS:NCEPGFSEnsembleWebP95,24
ChennaiDSS:NCEPGFS_Control_Ensemble,225
ChennaiDSS:NCEPGFS_ValueBulletin,16
ChennaiDSS:NCMRWFBulletin,573
ChennaiDSS:NCMRWFBulletin_values,573
ChennaiDSS:NCMRWFControlWeb,1452
ChennaiDSS:ObservedRainfallBullein_Value,0
ChennaiDSS:ObservedRainfallBulletin,52
ChennaiDSS:Railways,3815
ChennaiDSS:Raingauge_Stations,63
ChennaiDSS:Results_elements_242,2961624
ChennaiDSS:Rivers_NaturalChannels,8
ChennaiDSS:Rivers_NaturalChannels_Line,946
ChennaiDSS:Rivers_NaturalChannels_Line_withlabel,946
ChennaiDSS:Rivers_NaturalChannels_withlabel,8
ChennaiDSS:Roadways,105486
ChennaiDSS:Soil,10
ChennaiDSS:Soil_withlabel,10
ChennaiDSS:Spillway_Uncontrolled,0
ChennaiDSS:Structures,115
ChennaiDSS:Structures_withlabel,115
ChennaiDSS:SubBasin,5
ChennaiDSS:SubBasin_withlabel,5
ChennaiDSS:Tank_Master,11
ChennaiDSS:Tehsil_Boundary,33
ChennaiDSS:UKMOControlMax,304
ChennaiDSS:UKMOControlWeb,304
ChennaiDSS:ULB_Boundary,9
ChennaiDSS:Watershed_Boundary,71
ChennaiDSS:Watershed_Boundary_withlabel,71
ChennaiDSS:Zone_Boundary,16
ChennaiDSS:administrativetable,20
ChennaiDSS:agro,0
ChennaiDSS:agro_transaction,3
ChennaiDSS:amenitiesforward,8
ChennaiDSS:arg,328
ChennaiDSS:arg_transaction,7462368
ChennaiDSS:argsqllayer,328
ChennaiDSS:awlr,44
ChennaiDSS:awlr_plank,8
ChennaiDSS:awlr_radarpressureultrasonic,7
ChennaiDSS:awlr_shaftencoder,3
ChennaiDSS:awlr_transaction,385950
ChennaiDSS:aws,39
ChennaiDSS:aws_airthermometer_transaction,401725
ChennaiDSS:aws_arg_transaction,669147
ChennaiDSS:aws_new,ERR
ChennaiDSS:aws_panevaporimeter_transaction,4485
ChennaiDSS:aws_relativehumidity_transaction,367200
ChennaiDSS:aws_soilmoistureprobe_transaction,412259
ChennaiDSS:aws_sunenergy_transaction,162673
ChennaiDSS:aws_windanemometer_transaction,394750
ChennaiDSS:awssqllayer,38
ChennaiDSS:basinboundary_observedrainfall,1
ChennaiDSS:building,1399
ChennaiDSS:catchments,71
ChennaiDSS:catchments_withlabel,71
ChennaiDSS:chennai_adjacent_subbasin,8
ChennaiDSS:chennai_new_subbasin,6
ChennaiDSS:cma_bulletin,1
ChennaiDSS:districtboundary_districtmap_observedrainfallbulletin,6
ChennaiDSS:ecmwfcontrol,651
ChennaiDSS:floodwarnings,4
ChennaiDSS:gcc_bulletin,1
ChennaiDSS:gcc_observedrainfallbulletin,1
ChennaiDSS:gcczones_bulletin,16
ChennaiDSS:gcczones_gcc_observedrainfallbulletin,16
ChennaiDSS:gds,0
ChennaiDSS:getDailyRainfallValue,0
ChennaiDSS:get_gis_scenario_waterlevel_display_pointsbydatetime,41
ChennaiDSS:gis_administrative_units_chennai_basin_blocks,33
ChennaiDSS:gis_administrative_units_chennai_basin_blocks_withlabel,33
ChennaiDSS:gis_administrative_units_chennai_basin_cma,1
ChennaiDSS:gis_administrative_units_chennai_basin_cma_withlabel,1
ChennaiDSS:gis_administrative_units_chennai_basin_districts,6
ChennaiDSS:gis_administrative_units_chennai_basin_districts_withlabel,6
ChennaiDSS:gis_administrative_units_chennai_basin_erstwhile_cc,1
ChennaiDSS:gis_administrative_units_chennai_basin_erstwhile_cc_withlabel,1
ChennaiDSS:gis_administrative_units_chennai_basin_extended_gcc,1
ChennaiDSS:gis_administrative_units_chennai_basin_extended_gcc_wards,200
ChennaiDSS:gis_administrative_units_chennai_basin_extended_gcc_wards_withlabel,200
ChennaiDSS:gis_administrative_units_chennai_basin_extended_gcc_withlabel,1
ChennaiDSS:gis_administrative_units_chennai_basin_extended_gcc_zones,16
ChennaiDSS:gis_administrative_units_chennai_basin_extended_gcc_zones_withlabel,16
ChennaiDSS:gis_administrative_units_chennai_basin_municipalities,9
ChennaiDSS:gis_administrative_units_chennai_basin_municipalities_withlabel,9
ChennaiDSS:gis_administrative_units_chennai_basin_taluks,40
ChennaiDSS:gis_administrative_units_chennai_basin_taluks_withlabel,40
ChennaiDSS:gis_administrative_units_chennai_basin_villages,1127
ChennaiDSS:gis_administrative_units_chennai_basin_villages_withlabel,1127
ChennaiDSS:gis_administrative_units_cmwssb_areas,15
ChennaiDSS:gis_administrative_units_cmwssb_areas_withlabel,15
ChennaiDSS:gis_administrative_units_cmwssb_divisions,200
ChennaiDSS:gis_administrative_units_cmwssb_divisions_withlabel,200
ChennaiDSS:gis_awlrrls_waterlevel_with_latest_datetime,69
ChennaiDSS:gis_chennai_basin_boundary,1
ChennaiDSS:gis_chennai_basin_boundary_withlabel,1
ChennaiDSS:gis_chennai_basin_existing_arg_iitm,9
ChennaiDSS:gis_chennai_basin_existing_arg_iitm_withlabel,9
ChennaiDSS:gis_chennai_basin_existing_awlr_gcc,46
ChennaiDSS:gis_chennai_basin_existing_awlr_gcc_withlabel,46
ChennaiDSS:gis_chennai_basin_existing_awlr_iitm,6
ChennaiDSS:gis_chennai_basin_existing_awlr_iitm_withlabel,6
ChennaiDSS:gis_chennai_basin_existing_aws_iitm,6
ChennaiDSS:gis_chennai_basin_existing_aws_iitm_withlabel,6
ChennaiDSS:gis_chennai_basin_existing_camera_poles_gcc,100
ChennaiDSS:gis_chennai_basin_existing_camera_poles_gcc_withlabel,100
ChennaiDSS:gis_chennai_basin_existing_rf_hourly_imd_pwd,7
ChennaiDSS:gis_chennai_basin_existing_rf_hourly_imd_pwd_withlabel,7
ChennaiDSS:gis_chennai_basin_existing_srg_pwd,53
ChennaiDSS:gis_chennai_basin_existing_srg_pwd_withlabel,53
ChennaiDSS:gis_chennai_basin_proposed_arg,87
ChennaiDSS:gis_chennai_basin_proposed_arg_withlabel,87
ChennaiDSS:gis_chennai_basin_proposed_awlr,139
ChennaiDSS:gis_chennai_basin_proposed_awlr_withlabel,139
ChennaiDSS:gis_chennai_basin_proposed_aws,13
ChennaiDSS:gis_chennai_basin_proposed_aws_withlabel,13
ChennaiDSS:gis_chennai_basin_proposed_gate_sensors,5
ChennaiDSS:gis_chennai_basin_proposed_gate_sensors_withlabel,5
ChennaiDSS:gis_chennai_watersheds_boundary,74
ChennaiDSS:gis_crowdsourced,173
ChennaiDSS:gis_drainage_network_chennai_basin_buckingham_canal,5
ChennaiDSS:gis_drainage_network_chennai_basin_buckingham_canal_withlabel,5
ChennaiDSS:gis_drainage_network_chennai_basin_krishna_water_canal,1
ChennaiDSS:gis_drainage_network_chennai_basin_krishna_water_canal_withlabel,1
ChennaiDSS:gis_drainage_network_chennai_basin_macro_drains,15
ChennaiDSS:gis_drainage_network_chennai_basin_macro_drains_withlabel,15
ChennaiDSS:gis_drainage_network_chennai_basin_micro_drains,37
ChennaiDSS:gis_drainage_network_chennai_basin_micro_drains_withlabel,37
ChennaiDSS:gis_drainage_network_chennai_basin_rivers_streams,876
ChennaiDSS:gis_drainage_network_chennai_basin_rivers_streams_withlabel,876
ChennaiDSS:gis_flood_hotspots_gcc_flood_hotspots_2015,327
ChennaiDSS:gis_flood_hotspots_gcc_flood_hotspots_nem_2020,53
ChennaiDSS:gis_flood_hotspots_gcc_flood_hotspots_nem_2020_withlabel,53
ChennaiDSS:gis_flood_hotspots_irs_flood_points_2005,200
ChennaiDSS:gis_flood_hotspots_kancheepuram_flood_hotspots_2015,139
ChennaiDSS:gis_flood_hotspots_tiruvallur_flood_hotspots_2015,200
ChennaiDSS:gis_flood_hotspots_tiruvallur_flood_hotspots_2015_withlabel,200
ChennaiDSS:gis_flood_hotspots_vellore_flood_hotspots_2015,29
ChennaiDSS:gis_flood_inundation_irs_flood_extent_2005,235
ChennaiDSS:gis_flood_inundation_irs_flood_extent_2005_withlabel,235
ChennaiDSS:gis_flood_inundation_nrsc_flood_extent_2015,4001
ChennaiDSS:gis_floodforecast_2d_outputarea,1
ChennaiDSS:gis_get_ecmfw_bulletin_new_test,75
ChennaiDSS:gis_get_ecmfw_bulletin_new_test2,75
ChennaiDSS:gis_groundwater_chennai_basin_gwl_contour_jan_2006,59
ChennaiDSS:gis_groundwater_chennai_basin_gwl_contour_jan_2006_withlabel,59
ChennaiDSS:gis_groundwater_chennai_basin_gwl_contour_jan_2016,146
ChennaiDSS:gis_groundwater_chennai_basin_gwl_contour_jan_2016_withlabel,146
ChennaiDSS:gis_groundwater_chennai_basin_gwl_contour_june_2005,98
ChennaiDSS:gis_groundwater_chennai_basin_gwl_contour_june_2005_withlabel,98
ChennaiDSS:gis_groundwater_chennai_basin_gwl_contour_june_2015,295
ChennaiDSS:gis_groundwater_chennai_basin_gwl_contour_june_2015_withlabel,295
ChennaiDSS:gis_groundwater_chennai_basin_investigative_borewells,275
ChennaiDSS:gis_groundwater_chennai_basin_investigative_borewells_withlabel,275
ChennaiDSS:gis_groundwater_chennai_basin_ob_wells,249
ChennaiDSS:gis_groundwater_chennai_basin_ob_wells_withlabel,249
ChennaiDSS:gis_home_chennai_basin_districts,6
ChennaiDSS:gis_lakes_tanks_ponds_chennai_basin__lakes,6
ChennaiDSS:gis_lakes_tanks_ponds_chennai_basin__lakes_withlabel,6
ChennaiDSS:gis_lakes_tanks_ponds_chennai_basin_creeks,5
ChennaiDSS:gis_lakes_tanks_ponds_chennai_basin_creeks_withlabel,5
ChennaiDSS:gis_lakes_tanks_ponds_chennai_basin_gcc_tanks,309
ChennaiDSS:gis_lakes_tanks_ponds_chennai_basin_gcc_tanks_withlabel,309
ChennaiDSS:gis_lakes_tanks_ponds_chennai_basin_pallikaranai_marsh_land,1
ChennaiDSS:gis_lakes_tanks_ponds_chennai_basin_pallikaranai_marsh_land_withlabel,1
ChennaiDSS:gis_lakes_tanks_ponds_chennai_basin_purd_tanks,6720
ChennaiDSS:gis_lakes_tanks_ponds_chennai_basin_purd_tanks_withlabel,6720
ChennaiDSS:gis_lakes_tanks_ponds_chennai_basin_pwd_tanks,785
ChennaiDSS:gis_lakes_tanks_ponds_chennai_basin_pwd_tanks_withlabel,785
ChennaiDSS:gis_lakes_tanks_ponds_chennai_basin_routing_tanks,34
ChennaiDSS:gis_lakes_tanks_ponds_chennai_basin_routing_tanks_withlabel,34
ChennaiDSS:gis_lulc_chennai_basin_geology_aoi,134
ChennaiDSS:gis_lulc_chennai_basin_geology_aoi_withlabel,134
ChennaiDSS:gis_lulc_chennai_basin_lulc_cartosat_aoi,14842
ChennaiDSS:gis_lulc_chennai_basin_lulc_cartosat_aoi_withlabel,14842
ChennaiDSS:gis_lulc_soil_cartosat_aoi,2125
ChennaiDSS:gis_lulc_soil_cartosat_aoi_withlabel,2125
ChennaiDSS:gis_ncepgfsgrid,289
ChennaiDSS:gis_offices_cmwssb_hq,1
ChennaiDSS:gis_offices_cmwssb_hq_withlabel,1
ChennaiDSS:gis_offices_district_collectors,5
ChennaiDSS:gis_offices_district_collectors_withlabel,5
ChennaiDSS:gis_offices_fire_hq,1
ChennaiDSS:gis_offices_fire_hq_withlabel,1
ChennaiDSS:gis_offices_gcc,32
ChennaiDSS:gis_offices_gcc_withlabel,32
ChennaiDSS:gis_offices_police,5
ChennaiDSS:gis_offices_police_withlabel,5
ChennaiDSS:gis_offices_twad,1
ChennaiDSS:gis_offices_twad_withlabel,1
ChennaiDSS:gis_offices_wrd,21
ChennaiDSS:gis_offices_wrd_withlabel,21
ChennaiDSS:gis_onedimmodelarea,38
ChennaiDSS:gis_scenario_waterlevel_display_points_datetime,41
ChennaiDSS:gis_streetnames,788
ChennaiDSS:gis_subbasin_boundary,6
ChennaiDSS:gis_subbasin_boundary_withlabel,6
ChennaiDSS:gis_twodimmodelarea_ecmwf,75
ChennaiDSS:gis_twodimmodelarea_ncep,9
ChennaiDSS:gis_utilities_chennai_basin_sewage_treatment_plants,5
ChennaiDSS:gis_utilities_chennai_basin_sewage_treatment_plants_withlabel,5
ChennaiDSS:gis_utilities_chennai_basin_water_distribution_stations,108
ChennaiDSS:gis_utilities_chennai_basin_water_distribution_stations_withlabel,108
ChennaiDSS:gis_utilities_chennai_basin_water_treatment_planttment_plants,10
ChennaiDSS:gis_utilities_chennai_basin_water_treatment_planttment_plants_withlabel,10
ChennaiDSS:gis_utilities_proposed_flood_monitoring_control_rooms,7
ChennaiDSS:gis_utilities_proposed_flood_monitoring_control_rooms_withlabel,7
ChennaiDSS:gis_waterlevel_display_points,0
ChennaiDSS:gis_waterlevel_display_points_datetime,41
ChennaiDSS:giswardmesh,0
ChennaiDSS:groundwaterlevel_monitoring_stations,0
ChennaiDSS:hydrological_stations,0
ChennaiDSS:idw_demo,0
ChennaiDSS:indianboundary_bulletin,1
ChennaiDSS:keylocations_bulletin,41
ChennaiDSS:keylocations_districtmap_observedrainfallbulletin,41
ChennaiDSS:keylocations_gcc_observedrainfallbulletin,18
ChennaiDSS:keylocations_gcc_observedrainfallbulletin_1,18
ChennaiDSS:keylocations_observedrainfallbulletin,41
ChennaiDSS:keylocations_observedrainfallbulletin_1,43
ChennaiDSS:majorwaterbodies_bulletin,4
ChennaiDSS:majorwaterbodies_districtmap_observedrainfallbulletin,4
ChennaiDSS:majorwaterbodies_gcc_observedrainfallbulletin,4
ChennaiDSS:majorwaterbodies_observedrainfallbulletin,4
ChennaiDSS:meteorological_stations,0
ChennaiDSS:ncepcontrol,289
ChennaiDSS:pallikaranaimarshland_districtmap_observedrainfallbulletin,1
ChennaiDSS:pallikaranaimarshland_gcc_observedrainfallbulletin,1
ChennaiDSS:pallikaranaimarshland_observedrainfallbulletin,1
ChennaiDSS:raingauge_stations_existing,0
ChennaiDSS:raingauge_stations_proposed,0
ChennaiDSS:rf_dd_mm_yy_observedrainfallbulletin,98
ChennaiDSS:rf_dd_mm_yyyy_districtmap_observedrainfallbulletin,98
ChennaiDSS:rf_dd_mm_yyyy_gcc_observedrainfallbulletin,98
ChennaiDSS:sb_streetnames,1385
ChennaiDSS:sb_wardboundaries,337
ChennaiDSS:srg,51
ChennaiDSS:srg_transaction,662904
ChennaiDSS:srgsqllayer,51
ChennaiDSS:stateboundary_bulletin,39
ChennaiDSS:stateboundary_districtmap_observedrainfallbulletin,39
ChennaiDSS:stateboundary_observedrainfallbulletin,39
ChennaiDSS:streetfloodbulletin_waterbodies,57
ChennaiDSS:streetfloodbulletin_waterbodies_waterways,1700
ChennaiDSS:subbasinboundary_bulletin,4
ChennaiDSS:subbasinboundary_observedrainfallbulletin,4
ChennaiDSS:surface_test,0
ChennaiDSS:tank_agency,14
ChennaiDSS:tank_drinkingwateroff_pump,2
ChennaiDSS:tank_drinkingwaterofftakes,6
ChennaiDSS:tank_hydraulic,10
ChennaiDSS:tank_inflowdetails,7
ChennaiDSS:tank_master_new,5
ChennaiDSS:tank_sluice,24
ChennaiDSS:tank_spillway_gate,28
ChennaiDSS:tank_spillway_uc,6
ChennaiDSS:testview,74
ChennaiDSS:tidal_stations,0
ChennaiDSS:tmp_table,31968
ChennaiDSS:transaction_master,9
ChennaiDSS:ward_boundary,200
ChennaiDSS:ward_waterdepth_minmax,200
ChennaiDSS:waterbodies_bulletin,5659
ChennaiDSS:waterbodies_cma,782
ChennaiDSS:waterbodies_districtmap_observedrainfallbulletin,5659
ChennaiDSS:waterbodies_gcc_observedrainfallbulletin,207
ChennaiDSS:waterbodies_observedrainfallbulletin,5659
ChennaiDSS:watersheds,74
ChennaiDSS:waterways_bulletin,941
ChennaiDSS:waterways_cma,166
ChennaiDSS:waterways_districtmap_observedrainfallbulletin,941
ChennaiDSS:waterways_gcc_observedrainfallbulletin,75
ChennaiDSS:waterways_observedrainfallbulletin,941
